,tokens,labels
1093,"['before', 'the', 'season', 'even', 'starts', 'i', 'will', 'not', 'respond', 'to', 'any', 'new', 'found', 'miami', 'heat', 'fans']","[0, 0, 0, 0, 0, 0, 0, 0, 0, 0, 0, 0, 0, 0, 0, 0]"
2373,"['Have', 'a', 'feeling', 'my', 'phone', 'bill', 'will', 'be', 'high', 'this', 'month']","[0, 0, 0, 0, 0, 0, 0, 0, 0, 0, 0]"
2004,"['looks', 'like', 'its', 'my', 'byzabedtime', 'hope', 'to', 'fuck', 'that', 'ema', 'is', 'in', 'tomorrow']","[0, 0, 0, 0, 0, 0, 0, 0, 0, 0, 0, 0, 0]"
427,"['Spent', 'all', 'of', 'last', 'night', 'puking', ',', 'and', 'all', 'of', 'today', 'fretting', 'Some', 'people', 'totally', 'fail', 'to', 'pick', 'up', 'the', 'slack', 'when', 'you', 'are', 'away']","[0, 0, 0, 0, 0, 0, 0, 0, 0, 0, 0, 0, 0, 0, 0, 0, 0, 0, 0, 0, 0, 0, 0, 0, 0]"
2324,"['Im', 'trying', 'to', 'figure', 'out', 'if', 'I', 'wanna', 'do', 'something', 'tonight']","[0, 0, 0, 0, 0, 0, 0, 0, 0, 0, 0]"
1264,"['I', 'madw', 'my', 'email', 'when', 'i', 'was', '10', 'and', 'yeah', 'its', 'really', 'embarissing', 'lol']","[0, 0, 0, 0, 0, 0, 0, 0, 0, 0, 0, 0, 0, 0]"
578,"['Yesterday', 's', 'shoot', 'was', 'unreal', 'Today', 'is', 'just', 'as', 'sick', 'Is', 'that', 'even', 'possible']","[0, 0, 0, 0, 0, 0, 0, 0, 0, 0, 0, 0, 0, 0]"
485,"['my', 'past', 'was', 'the', 'reason', 'i', 'tried', 'to', 'kill', 'myself', 'the', 'other', 'day', ',', 'and', 'i', 'll', 'gladly', 'do', 'it', 'again']","[0, 0, 0, 0, 0, 0, 0, 0, 0, 0, 0, 0, 0, 0, 0, 0, 0, 0, 0, 0, 0]"
1679,"['I', 'should', 'not', 'be', 'awake', 'at', 'this', 'hour', 'on', 'a', 'Saturday', 'Blerghhhhh', 'Good', 'cause', 'though', 'I', 'hope']","[0, 0, 0, 0, 0, 0, 0, 0, 0, 0, 0, 0, 0, 0, 0, 0, 0]"
290,"['Sleeping', 'later', 'and', 'later', 'everyday', ',', 'waking', 'up', 'earlier', 'and', 'earlier', 'day', 'by', 'day', 'My', 'eyes', 'are', 'getting', 'smaller', 'and', 'smaller']","[0, 0, 0, 0, 0, 0, 0, 0, 0, 0, 0, 0, 0, 0, 0, 0, 0, 0, 0, 0, 0]"
685,"['I', 'ain', 'wear', 'makeup', 'in', 'almost', '2', 'weeks']","[0, 0, 0, 0, 0, 0, 0, 0]"
836,"['The', 'Town', 'might', 'be', 'one', 'of', 'the', 'best', 'movies', 'I', 'have', 'seen', 'all', 'year', 'So', ',', 'so', 'good', 'And', 'dont', 'worry', 'Ben', ',', 'we', 'already', 'forgave', 'you', 'for', 'Gigli', 'Really']","[0, 0, 0, 0, 0, 0, 0, 0, 0, 0, 0, 0, 0, 0, 0, 0, 0, 0, 0, 0, 0, 0, 0, 0, 0, 0, 0, 0, 0, 0]"
1139,"['And', 'now', 'the', 'wait', 'til', 'the', 'games', 'get', 'started', 'for', 'the', 'day']","[0, 0, 0, 0, 0, 0, 0, 0, 0, 0, 0, 0]"
837,"['Summer', 'has', 'come', 'and', 'past', ',', 'the', 'innocent', 'can', 'never', 'last', 'Wake', 'me', 'up', 'when', 'September', 'ends']","[0, 0, 0, 0, 0, 0, 0, 0, 0, 0, 0, 0, 0, 0, 0, 0, 0]"
359,"['Gotta', 'dress', 'up', 'for', 'london', 'fashion', 'week', 'and', 'party', 'in', 'style']","[0, 0, 0, 0, 0, 0, 0, 0, 0, 0, 0]"
2229,"['i', 'may', 'have', 'failed', ',', 'but', 'yeah', 'i', 'loved', 'you', 'from', 'the', 'start', 'i', 'should', 'continue', 'editing', 'and', 'stop', 'quoting']","[0, 0, 0, 0, 0, 0, 0, 0, 0, 0, 0, 0, 0, 0, 0, 0, 0, 0, 0, 0]"
1409,"['Any', '1', 'know', 'when', 'season', '3', 'True', 'Blood', 'is', 'back', 'on', 'the', 'telly']","[0, 0, 0, 0, 0, 0, 0, 0, 0, 0, 0, 0, 0]"
1153,"['too', 'lazy', 'to', 'go', 'to', 'school', 'today', 'oh', 'well', ',', 'i', 'have', 'no', 'choice']","[0, 0, 0, 0, 0, 0, 0, 0, 0, 0, 0, 0, 0, 0]"
2284,"['I', 'know', 'u', 'like', 'that', 'turn', 'you', 'into', 'a', 'star', 'I', 'got', 'it', 'like', 'that', 'baby', 'dont', 'fight', 'it', 'cus', 'when', 'I', 'miss', 'your', 'call', 'I', 'hit', 'u', 'right', 'back']","[0, 0, 0, 0, 0, 0, 0, 0, 0, 0, 0, 0, 0, 0, 0, 0, 0, 0, 0, 0, 0, 0, 0, 0, 0, 0, 0, 0, 0, 0]"
1063,"['Last', 'film', 'I', 'can', 'watch', 'on', 'a', 'decent', 'telly', 'for', 'a', 'while', 'tonight', 'KickAss', 'is', 'very', 'tempting', 'indeed']","[0, 0, 0, 0, 0, 0, 0, 0, 0, 0, 0, 0, 0, 0, 0, 0, 0, 0]"
1046,"['I', 'dont', 'know', ',', 'how', 'to', 'be', 'fine', 'when', 'im', 'not', 'And', 'i', 'dont', 'know', 'how', 'to', 'make', 'a', 'feelin', 'stop']","[0, 0, 0, 0, 0, 0, 0, 0, 0, 0, 0, 0, 0, 0, 0, 0, 0, 0, 0, 0, 0]"
695,"['Can', 'have', 'any', 'girl', 'I', 'choose', 'but', 'as', 'time', 'goes', 'by', 'baby', 'im', 'goin', 'home', 'wit', 'u']","[0, 0, 0, 0, 0, 0, 0, 0, 0, 0, 0, 0, 0, 0, 0, 0, 0]"
1097,"['Part', '2', 'to', 'my', 'day', 'is', 'about', 'to', 'begin', 'hair', 'stylist', 'flow']","[0, 0, 0, 0, 0, 0, 0, 0, 0, 0, 0, 0]"
1785,"['td', 'bem', 'que', 'as', 'meninas', 'do', 'outro', 'time', 'eram', 'mt', 'brutas', 'e', 'cavalas', ',', 'maais', 'foi', 'bom', ',', 'porq', 'ganhamos']","[0, 0, 0, 0, 0, 0, 0, 0, 0, 0, 0, 0, 0, 0, 0, 0, 0, 0, 0, 0]"
113,"['You', 'remeber', 'we', 'were', 'sitting', 'there', 'by', 'the', 'water', 'you', 'put', 'your', 'arm', 'around', 'me', 'for', 'the', 'first', 'time', 'you', 'made', 'a', 'rebel', 'careless', 'mans', 'careful', 'daughter']","[0, 0, 0, 0, 0, 0, 0, 0, 0, 0, 0, 0, 0, 0, 0, 0, 0, 0, 0, 0, 0, 0, 0, 0, 0, 0, 0]"
1329,"['Ah', 'a', 'Friday', 'night', 'free', 'Avin', 'a', 'drink', 'with', 'friends', 'Lent', 'the', 'T4', 'to', 'friend', 'to', 'camp', 'in', 'Off', 'camping', 'to', 'Robinhoods', 'bay', 'In', 'Jasmin', 'Good', 'weekend']","[0, 0, 0, 0, 0, 0, 0, 0, 0, 0, 0, 0, 0, 0, 0, 0, 0, 0, 0, 0, 0, 0, 0, 0, 0, 0, 0]"
1626,"['It', 's', 'about', 'that', 'time']","[0, 0, 0, 0, 0]"
2133,"['Whats', 'the', 'plan', 'tonight']","[0, 0, 0, 0]"
1304,"['If', 'my', 'calculation', 'is', 'right', ',', 'Christmas', 'is', 'only', '98', 'days', 'away']","[0, 0, 0, 0, 0, 0, 0, 0, 0, 0, 0, 0]"
1203,"['ive', 'had', 'a', 'wicked', 'week']","[0, 0, 0, 0, 0]"
11,"['When', 'I', 'said', 'good', 'night', ',', 'I', 'ended', 'up', 'watching', 'movies', 'on', 'my', 'laptop', 'Yep', 'No', 'sleep', 'again', 'Time', 'to', 'take', 'a', 'bath', 'now', 'It', 's', 'gonna', 'be', 'a', 'looong', 'day']","[0, 0, 0, 0, 0, 0, 0, 0, 0, 0, 0, 0, 0, 0, 0, 0, 0, 0, 0, 0, 0, 0, 0, 0, 0, 0, 0, 0, 0, 0, 0]"
322,"['Finna', 'Chill', 'Tonite', 'Dont', 'Feel', 'Like', 'Doinq', 'Shxt', 'My', 'Mouth', 'Hurts']","[0, 0, 0, 0, 0, 0, 0, 0, 0, 0, 0]"
1817,"['Bar', 'hopping', 'in', 'buckhead', 'tonight']","[0, 0, 0, 0, 0]"
1683,"['One', 'day', 'the', 'things', 'i', 'say', 'and', 'do', 'is', 'gonna', 'get', 'me', 'a', 'nice', 'slap']","[0, 0, 0, 0, 0, 0, 0, 0, 0, 0, 0, 0, 0, 0, 0]"
2252,"['Ill', 'be', 'gone', 'till', 'november', ',', 'but', 'I', 'aint', 'even', 'trippin', 'cause', 'I', 'know', 'drizzy', 'gonna', 'kill', 'em']","[0, 0, 0, 0, 0, 0, 0, 0, 0, 0, 0, 0, 0, 0, 0, 0, 0, 0]"
993,"['I', 'get', 'high', 'with', 'love', 'when', 'Im', 'helping', 'and', 'being', 'of', 'service', 'to', 'you', 'Thank', 'you', 'for', 'allowing']","[0, 0, 0, 0, 0, 0, 0, 0, 0, 0, 0, 0, 0, 0, 0, 0, 0, 0]"
1667,"['Man', 'i', 'been', 'eatin', 'fastfood', 'everyday', 'im', 'so', 'glad', 'my', 'mommy', 'cookin', 'today']","[0, 0, 0, 0, 0, 0, 0, 0, 0, 0, 0, 0, 0]"
1593,"['I', 'distinctly', 'remember', 'someone', 'giving', 'me', 'chocolates', 'last', 'week', 'I', 'dont', 'recall', 'eating', 'a', 'single', 'piece', 'Theyre', 'nowhere', 'to', 'be', 'found', 'of', 'course']","[0, 0, 0, 0, 0, 0, 0, 0, 0, 0, 0, 0, 0, 0, 0, 0, 0, 0, 0, 0, 0, 0, 0]"
38,"['What', 'a', 'productive', 'day', 'Not']","[0, 0, 0, 0, 0]"
349,"['After', 'a', 'great', 'two', 'days', 'of', 'meetings', 'with', 'Houston', ',', 'Fes', 'is', 'back', 'in', 'Salt', 'Lake']","[0, 0, 0, 0, 0, 0, 0, 0, 0, 0, 0, 0, 0, 0, 0, 0]"
30,"['What', 'is', 'it', 'with', 'people', 'and', 'punctuality', 'I', 'used', 'to', 'be', 'that', 'guy', 'and', 'honestly', ',', 'it', 's', 'a', 'haze', 'now', 'Just', 'be', 'on', 'time', 'It', 's', 'not', 'like', 'its', 'a', 'surprise']","[0, 0, 0, 0, 0, 0, 0, 0, 0, 0, 0, 0, 0, 0, 0, 0, 0, 0, 0, 0, 0, 0, 0, 0, 0, 0, 0, 0, 0, 0, 0, 0]"
1948,"['Lederhosen', ',', 'lederhosen', ',', 'youre', 'so', 'delicious', ',', 'I', 'love', 'you', 'more', 'than', 'all', 'the', 'other', 'foreign', 'pants', 'that', 'I', 'need', 'to', 'borrow', 'for', 'a', 'single', 'day']","[0, 0, 0, 0, 0, 0, 0, 0, 0, 0, 0, 0, 0, 0, 0, 0, 0, 0, 0, 0, 0, 0, 0, 0, 0, 0, 0]"
604,"['An', 'entire', 'stack', 'of', 'papers', 'has', 'disappeared', 'I', 'think', 'that', 'is', 'a', 'sign', 'to', 'wrap', 'up', 'for', 'the', 'week']","[0, 0, 0, 0, 0, 0, 0, 0, 0, 0, 0, 0, 0, 0, 0, 0, 0, 0, 0]"
222,"['And', 'we', 'had', 'some', 'amazing', 'dessert', 'wines', 'too', 'First', 'time', 'Ive', 'tried', 'that', ',', 'but', 'now', 'a', 'convert', 'Will', 'have', 'to', 'add', 'wine', 'to', 'dessert', 'from', 'now', 'on', 'Yum']","[0, 0, 0, 0, 0, 0, 0, 0, 0, 0, 0, 0, 0, 0, 0, 0, 0, 0, 0, 0, 0, 0, 0, 0, 0, 0, 0, 0, 0]"
647,"['He', 'said', 'Rihanna', 'all', 'low', 'toned', 'and', 'shit', 'Prolly', 'the', 'first', 'time', 'he', 'said', 'her', 'names', 'in', 'AGES', 'LMFAOOOOO']","[0, 0, 0, 0, 0, 0, 0, 0, 0, 0, 0, 0, 0, 0, 0, 0, 0, 0, 0]"
886,"['Lindsay', 'Lohan', 'allegedly', 'failed', 'her', 'drug', 'test', 'So', 'not', 'fetch', 'Quick', ',', 'let', 's', 'all', 'put', 'on', 'our', 'shocked', 'faces', 'that', '23', 'days', 'of', 'rehab', 'didnt', 'work']","[0, 0, 0, 0, 0, 0, 0, 0, 0, 0, 0, 0, 0, 0, 0, 0, 0, 0, 0, 0, 0, 0, 0, 0, 0, 0, 0]"
701,"['It', 'sucks', 'when', 'you', 'waiting', 'for', 'the', 'bus', 'with', 'your', 'bike', ',', 'then', 'it', 'shows', 'up', 'with', 'two', 'bikes', 'already', 'on', 'it']","[0, 0, 0, 0, 0, 0, 0, 0, 0, 0, 0, 0, 0, 0, 0, 0, 0, 0, 0, 0, 0, 0]"
1751,"['Was', 'thinking', 'today', 'that', 'I', 'am', 'fortunate', 'o', 'know', 'so', 'many', 'incredible', 'people', 'in', 'this', 'world']","[0, 0, 0, 0, 0, 0, 0, 0, 0, 0, 0, 0, 0, 0, 0, 0]"
660,"['Was', 'hard', 'work', 'going', 'to', 'the', 'gym', 'on', 'my', 'own', 'tonight', 'but', 'managed', 'a', '30', 'min', 'run', 'and', 'plenty', 'of', 'weights', 'Catching', 'up', 'on', 'ufc', 'now']","[0, 0, 0, 0, 0, 0, 0, 0, 0, 0, 0, 0, 0, 0, 0, 0, 0, 0, 0, 0, 0, 0, 0, 0, 0, 0]"
1745,"['Right', 'arm', 'Rousseff', ',', 'Erenice', 'War', ',', '51', 'years', ',', 'became', 'chief', 'minister', 'of', 'the', 'Civil', 'House', 'in', 'April', 'this', 'year']","[0, 0, 0, 0, 0, 0, 0, 0, 0, 0, 0, 0, 0, 0, 0, 0, 0, 0, 0, 0, 0]"
2168,"['I', 'love', 'listening', 'to', 'lies', 'when', 'i', 'know', 'the', 'truth']","[0, 0, 0, 0, 0, 0, 0, 0, 0, 0]"
300,"['the', 'tears', 'may', 'have', 'been', 'and', 'gone', ',', 'but', 'the', 'feeling', 'still', 'stay', 'the', 'same']","[0, 0, 0, 0, 0, 0, 0, 0, 0, 0, 0, 0, 0, 0, 0]"
2120,"['My', 'mama', 'just', 'surprised', 'me', 'on', 'ring', 'day', 'Ahh', 'today', 'just', 'got', 'so', 'much', 'better']","[0, 0, 0, 0, 0, 0, 0, 0, 0, 0, 0, 0, 0, 0, 0]"
1538,"['friday', 'night', 'missions', 'iguess']","[0, 0, 0, 0]"
324,"['Im', 'a', 'little', 'too', 'excited', 'to', 'be', 'a', 'social', 'media', 'goy', 'tomorrow']","[0, 0, 0, 0, 0, 0, 0, 0, 0, 0, 0, 0]"
1452,"['Internet', 'My', 'MOM', 'got', 'a', 'tattoo', 'today', 'Which', ',', 'if', 'one', 'knows', 'her', ',', 'is', 'so', 'out', 'of', 'character', 'I', 'find', 'it', 'awesome', 'Go', 'ma']","[0, 0, 0, 0, 0, 0, 0, 0, 0, 0, 0, 0, 0, 0, 0, 0, 0, 0, 0, 0, 0, 0, 0, 0, 0]"
116,"['Always', 'kinda', 'awkward', 'when', 'you', 'get', 'the', 'chat', 'group', 'wrong', 'in', 'WoW', 'Sometimes', 'you', 'dont', 'want', 'the', 'tank', 'to', 'know', 'youre', 'dissin', 'him', 'Oops']","[0, 0, 0, 0, 0, 0, 0, 0, 0, 0, 0, 0, 0, 0, 0, 0, 0, 0, 0, 0, 0, 0, 0, 0]"
1634,"['ThAnK', 'gOd', 'ItS', 'fRiDaY']","[0, 0, 0, 0]"
2078,"['looking', 'forward', 'to', 'a', 'weekend', 'resting', 'foot', 'oh', 'and', 'the', 'irish', 'on', 'sunday']","[0, 0, 0, 0, 0, 0, 0, 0, 0, 0, 0, 0, 0]"
2250,"['Gotta', 'dress', 'up', 'for', 'london', 'fashion', 'week', 'and', 'party', 'in', 'style']","[0, 0, 0, 0, 0, 0, 0, 0, 0, 0, 0]"
1748,"['The', 'Town', 'might', 'be', 'one', 'of', 'the', 'best', 'movies', 'I', 'have', 'seen', 'all', 'year', 'So', ',', 'so', 'good', 'And', 'do', 'nt', 'worry', 'Ben', ',', 'we', 'already', 'forgave', 'you', 'for', 'Gigli', 'Really']","[0, 0, 0, 0, 0, 0, 0, 0, 0, 0, 0, 0, 0, 0, 0, 0, 0, 0, 0, 0, 0, 0, 0, 0, 0, 0, 0, 0, 0, 0, 0]"
353,"['Tidyin', 'my', 'room', 'Need', 'to', 'do', 'my', 'hair', 'its', 'soo', 'nasty', 'when', 'its', 'naturally', 'curly']","[0, 0, 0, 0, 0, 0, 0, 0, 0, 0, 0, 0, 0, 0, 0]"
367,"['Over', 'My', 'Boyfriend', 'House', 'Tonite', 'We', 'Going', 'Do', 'The', 'Damn', 'Thing']","[0, 0, 0, 0, 0, 0, 0, 0, 0, 0, 0]"
161,"['Now', 'time', 'too', 'do', 'my', 'hair', 'New', 'look', 'on', 'deck']","[0, 0, 0, 0, 0, 0, 0, 0, 0, 0]"
2368,"['hmm', ',', 'I', 'always', 'get', 'a', 'bit', 'scared', 'when', 'I', 'update', 'my', 'Blackberry']","[0, 0, 0, 0, 0, 0, 0, 0, 0, 0, 0, 0, 0]"
2333,"['Work', '3301130', 'come', 'home', 'shower', 'bed', 'up', 'early', 'for', 'buckboardday', 'parade', 'then', 'sanchez', 'family', 'reunion', 'then', 'betos', 'gbye', 'party', 'so', 'much', 'for', 'a', 'day', 'off']","[0, 0, 0, 0, 0, 0, 0, 0, 0, 0, 0, 0, 0, 0, 0, 0, 0, 0, 0, 0, 0, 0, 0, 0, 0]"
2165,"['The', 'Metro', 'Sept', '26', 'Mannie', 'Fresh', 'and', 'Jermaine', 'Dupri', 'fa', 'da', 'after', 'party', ',', 'holla', 'at', 'me', 'fa', 'ur', 'tickets']","[0, 0, 0, 0, 0, 0, 0, 0, 0, 0, 0, 0, 0, 0, 0, 0, 0, 0, 0, 0]"
2320,"['Beginning', 'what', 'I', 'hope', 'will', 'be', 'a', 'long', 'and', 'wonderful', 'relationship', 'with', 'it', 's', 'always', 'sunny', 'Since', 'I', 'do', 'own', 'season', '1', 'and', '2', 'on', 'DVD', 'already']","[0, 0, 0, 0, 0, 0, 0, 0, 0, 0, 0, 0, 0, 0, 0, 0, 0, 0, 0, 0, 0, 0, 0, 0, 0, 0, 0]"
888,"['nightmare', 'before', 'christmas']","[0, 0, 0]"
1229,"['Safety', 'Day', 'tomorrow', 'at', 'North', 'Phoenix', 'ATA', 'Kids', 'SelfDefense', 'class', 'from', '121', 'pm', ',', 'Safety', 'Presentation', 'from', '12', ',', 'Adult', 'SelfDefense', 'from', '23']","[0, 0, 0, 0, 0, 0, 0, 0, 0, 0, 0, 0, 0, 0, 0, 0, 0, 0, 0, 0, 0, 0, 0]"
1789,"['Oh', 'before', 'I', 'forget', 'good', 'luck', 'also', 'to', 'the', 'cherry', 'and', 'whites', 'against', 'London', 'Irish', 'Only', 'a', 'win', 'will', 'do', 'Gives', 'me', 'more', 'excuses', 'to', 'celebrate']","[0, 0, 0, 0, 0, 0, 0, 0, 0, 0, 0, 0, 0, 0, 0, 0, 0, 0, 0, 0, 0, 0, 0, 0, 0, 0]"
299,"['2', 'years', '99', 'days', '3', 'hours', '36', 'minutes', 'and', '20', 'seconds', 'Until', 'Mayan', 'Doomsday', ',', 'DEC', '22', '2012', 'AD']","[0, 0, 0, 0, 0, 0, 0, 0, 0, 0, 0, 0, 0, 0, 0, 0, 0, 0, 0]"
576,"['So', 'much', 'work', 'yet', 'to', 'do', 'before', 'heading', 'to', 'Grand', 'Masquerade', 'next', 'week']","[0, 0, 0, 0, 0, 0, 0, 0, 0, 0, 0, 0, 0]"
2156,"['The', 'Maccabees', 'are', 'the', 'love', 'of', 'my', 'life', 'one', 'day', 'i', 'will', 'be', 'married', 'to', 'all', 'of', 'them']","[0, 0, 0, 0, 0, 0, 0, 0, 0, 0, 0, 0, 0, 0, 0, 0, 0, 0]"
866,"['Every', 'time', 'I', 'watch', 'Donnie', 'Hathaway', 's', 'Unsung', 'I', 'just', 'get', 'speechless', 'in', 'amazement', 'He', 'would', 'be', 'sooooo', 'proud', 'of', 'his', 'children', 'if', 'he', 'were', 'alive']","[0, 0, 0, 0, 0, 0, 0, 0, 0, 0, 0, 0, 0, 0, 0, 0, 0, 0, 0, 0, 0, 0, 0, 0, 0, 0]"
39,"['right', 'Five', 'Star', 'Day', 'came', 'out', 'in', 'may', 'this', 'year', 'why', 'havent', 'ANY', 'trailers', 'come', 'out', 'here', 'in', 'Scotland', 'yet', 'ive', 'waited', 'about', 'a', 'year', 'for', 'this']","[0, 0, 0, 0, 0, 0, 0, 0, 0, 0, 0, 0, 0, 0, 0, 0, 0, 0, 0, 0, 0, 0, 0, 0, 0, 0, 0]"
326,"['Take', 'this', 'time', 'to', 'discover', 'the', 'treasures', 'within', 'you']","[0, 0, 0, 0, 0, 0, 0, 0, 0]"
808,"['to', 'all', 'my', 'girls', 'in', 'london', 'or', 'travelling', 'up', 'tomorrow', 'i', 'love', 'and', 'miss', 'you', 'wish', 'i', 'could', 'be', 'there', 'NEXT', 'YEAR', 'I', 'WILL']","[0, 0, 0, 0, 0, 0, 0, 0, 0, 0, 0, 0, 0, 0, 0, 0, 0, 0, 0, 0, 0, 0, 0, 0]"
1310,"['You', 'blink', 'when', 'you', 'breathe', 'and', 'you', 'breathe', 'when', 'you', 'lie', 'You', 'blink', 'when', 'you', 'lie']","[0, 0, 0, 0, 0, 0, 0, 0, 0, 0, 0, 0, 0, 0, 0, 0]"
2228,"['Wake', ',', 'Davidson', ',', 'Charlotte', 'and', 'NC', 'St', 'have', 'all', 'been', 'in', 'to', 'check', 'out', '2012', 'pg', 'Tyler', 'Lewis', 'since', 'contact', 'pd', 'began', 'UNC', 'will', 'be', 'there', 'next', 'week']","[0, 0, 0, 0, 0, 0, 0, 0, 0, 0, 0, 0, 0, 0, 0, 0, 0, 0, 0, 0, 0, 0, 0, 0, 0, 0, 0, 0, 0]"
673,"['Im', 'not', 'even', 'tired', 'but', 'i', 'have', 'to', 'go', 'to', 'sleep', 'or', 'i', 'will', 'be', 'like', 'a', 'zombie', 'at', 'work', 'tomorrow']","[0, 0, 0, 0, 0, 0, 0, 0, 0, 0, 0, 0, 0, 0, 0, 0, 0, 0, 0, 0, 0]"
1124,"['I', 'HATE', 'MY', 'MOTHER', 'Where', 'is', 'Dee', 'when', 'I', 'need', 'him']","[0, 0, 0, 0, 0, 0, 0, 0, 0, 0, 0]"
1363,"['Today', 'is', 'goin', 'to', 'slow', 'at', 'work', 'Cant', 'wait', 'to', 'get', 'this', 'weekend', 'started']","[0, 0, 0, 0, 0, 0, 0, 0, 0, 0, 0, 0, 0, 0]"
1047,"['I', 'dont', 'know', 'what', 'criteria', 'does', 'MTV', 'use', 'to', 'give', 'music', 'awards', 'these', 'days']","[0, 0, 0, 0, 0, 0, 0, 0, 0, 0, 0, 0, 0, 0]"
1989,"['chinese', 'food', 'stayin', 'in', 'for', 'tonight', 'but', 'goin', 'to', 'the', 'archery', 'range', 'either', 'tomorrow', 'or', 'sunday']","[0, 0, 0, 0, 0, 0, 0, 0, 0, 0, 0, 0, 0, 0, 0, 0]"
1403,"['is', 'there', 'actually', 'anything', 'on', 'UK', 'tv', 'tonight']","[0, 0, 0, 0, 0, 0, 0, 0]"
381,"['Ima', 'start', 'going', 'to', 'the', 'dr', 'once', 'a', 'month', 'so', 'I', 'get', 'my', 'moneys', 'worth']","[0, 0, 0, 0, 0, 0, 0, 0, 0, 0, 0, 0, 0, 0, 0]"
2067,"['Someone', 'just', 'started', 'following', 'me', 'today', 'so', 'I', 'better', 'post', 'something', 'There']","[0, 0, 0, 0, 0, 0, 0, 0, 0, 0, 0, 0]"
1681,"['A', 'slow', 'yes', 'beats', 'a', 'fast', 'no', '7', 'days', 'a', 'week', 'dont', 'rush', 'people', 'when', 'dey', 'maken', 'choices', 'u', 'might', 'get', 'told', 'no', 'just', 'cuz', 'dey', 'want', 'u', '2', 'shut', 'up']","[0, 0, 0, 0, 0, 0, 0, 0, 0, 0, 0, 0, 0, 0, 0, 0, 0, 0, 0, 0, 0, 0, 0, 0, 0, 0, 0, 0, 0, 0, 0]"
493,"['Is', 'all', 'done', 'getting', 'things', 'set', 'up', 'for', 'the', 'Ultimate', 'Magic', 'playtest', 'that', 'starts', 'on', 'Monday', 'Ca', 'nt', 'wait', 'to', 'see', 'what', 'people', 'think']","[0, 0, 0, 0, 0, 0, 0, 0, 0, 0, 0, 0, 0, 0, 0, 0, 0, 0, 0, 0, 0, 0, 0, 0]"
36,"['cant', 'wait', 'to', 'see', 'my', 'beautiful', 'neice', 'nx', 'week', ',', 'gonna', 'spoil', 'her', 'rotton']","[0, 0, 0, 0, 0, 0, 0, 0, 0, 0, 0, 0, 0, 0]"
608,"['Ha', 'Im', 'lucky', 'I', 'got', 'in', 'the', 'car', 'like', 'five', 'seconds', 'before', 'it', 'started', 'POURING', 'rain']","[0, 0, 0, 0, 0, 0, 0, 0, 0, 0, 0, 0, 0, 0, 0, 0]"
1178,"['Uhmm', 'Looks', 'like', 'Im', 'not', 'leaving', 'my', 'house', 'tonight']","[0, 0, 0, 0, 0, 0, 0, 0, 0]"
883,"['it', 's', 'that', 'time', 'of', 'year', 'when', 'dreams', 'of', 'glassy', 'waves', 'turn', 'to', 'fluffy', 'powder', 'neither', 'of', 'which', 'I', 'will', 'get', 'to', 'enjoy', 'because', 'I', 'have', 'a', 'real', 'job']","[0, 0, 0, 0, 0, 0, 0, 0, 0, 0, 0, 0, 0, 0, 0, 0, 0, 0, 0, 0, 0, 0, 0, 0, 0, 0, 0, 0, 0]"
361,"['Time', 'to', 'fire', 'up', 'the', 'grill', 'again', 'I', 'do', 'believe', 'it', 'will', 'be', 'chicken']","[0, 0, 0, 0, 0, 0, 0, 0, 0, 0, 0, 0, 0, 0]"
1920,"['going', 'to', 'the', 'mall', 'with', 'my', 'momma', ',', 'then', 'church', 'after', 'this', 'is', 'a', 'bigo', 'challenge', 'for', 'the', 'next', '3', 'days', 'encounter', 'here', 'I', 'come', 'lets', 'see', 'what', 'happens']","[0, 0, 0, 0, 0, 0, 0, 0, 0, 0, 0, 0, 0, 0, 0, 0, 0, 0, 0, 0, 0, 0, 0, 0, 0, 0, 0, 0, 0]"
1936,"['For', 'women', 'the', 'best', 'aphrodisiacs', 'are', 'words', 'The', 'Gspot', 'is', 'in', 'the', 'ears', 'He', 'who', 'looks', 'for', 'it', 'below', 'there', 'is', 'wasting', 'his', 'time']","[0, 0, 0, 0, 0, 0, 0, 0, 0, 0, 0, 0, 0, 0, 0, 0, 0, 0, 0, 0, 0, 0, 0, 0]"
664,"['inspired', 'yet', 'again', 'to', 'write', 'cant', 'wait', 'to', 'share', 'my', 'testimony', 'cant', 'wait', 'for', 'the', 'day', 'when', 'im', 'taken', 'underwater', 'brought', 'back', 'up', 'BORN', 'AGAIN']","[0, 0, 0, 0, 0, 0, 0, 0, 0, 0, 0, 0, 0, 0, 0, 0, 0, 0, 0, 0, 0, 0, 0, 0, 0]"
1536,"['neck', 'hurts', 'and', 'no', 'time', 'to', 'schedule', 'acupuncture', 'and', 'massage']","[0, 0, 0, 0, 0, 0, 0, 0, 0, 0]"
1426,"['What', 'it', 'is', 'twiggas', 'it', 's', 'Friday', 'in', 'this', 'bissh', 'What', 's', 'yall', 'niggas', 'plans', 'Betta', 'be', 'at', 'Elements', 'tonight', 'BOGO', 'drinks', 'all', 'night', 'Nuff', 'Said']","[0, 0, 0, 0, 0, 0, 0, 0, 0, 0, 0, 0, 0, 0, 0, 0, 0, 0, 0, 0, 0, 0, 0, 0, 0, 0]"
454,"['If', 'Conn', 'is', 'less', 'than', 'impressed', 'with', 'chevre', ',', 'he', 'has', 'a', 'loyal', 'ally', 'in', 'his', 'grandscruffy', ',', 'who', 'finds', 'it', 'great', 'when', 'it', 's', 'good', 'which', 'is', 'rarely']","[0, 0, 0, 0, 0, 0, 0, 0, 0, 0, 0, 0, 0, 0, 0, 0, 0, 0, 0, 0, 0, 0, 0, 0, 0, 0, 0, 0, 0]"
1784,"['ahaha', 'that', 'just', 'made', 'my', 'day', 'xDlmfao']","[0, 0, 0, 0, 0, 0, 0]"
1022,"['My', 'mum', 'just', 'had', 'ago', 'at', 'me', 'for', 'not', 'having', 'a', 'job', 'when', 'ive', 'missed', '2', 'years', 'of', 'school', ',', 'and', 'tbh', 'if', 'im', 'gonna', 'catch', 'up', 'i', 'dont', 'have', 'time', '4', 'a', 'job']","[0, 0, 0, 0, 0, 0, 0, 0, 0, 0, 0, 0, 0, 0, 0, 0, 0, 0, 0, 0, 0, 0, 0, 0, 0, 0, 0, 0, 0, 0, 0, 0, 0, 0]"
1165,"['no', 'work', 'tonight', 'going', 'to', 'a', 'sweet', 'sixteen', 'shirt', 'and', 'tie', 'free', 'food', 'why', 'not']","[0, 0, 0, 0, 0, 0, 0, 0, 0, 0, 0, 0, 0, 0, 0]"
516,"['Tryna', 'Get', 'Into', 'Something', 'Tonight']","[0, 0, 0, 0, 0]"
625,"['workin', 'at', 'the', 'ol', 'Sunset', 'Bistro', 'tonight', 'come', 'get', 'some', 'grub']","[0, 0, 0, 0, 0, 0, 0, 0, 0, 0, 0]"
323,"['Who', 's', 'going', 'to', 'be', 'Club', 'Champ', 'this', 'year']","[0, 0, 0, 0, 0, 0, 0, 0, 0]"
1734,"['Imma', 'get', 'your', 'heart', 'racing', 'in', 'my', 'skintight', 'jeans', 'be', 'your', 'teenage', 'dream', 'tonight']","[0, 0, 0, 0, 0, 0, 0, 0, 0, 0, 0, 0, 0, 0]"
1723,"['im', 'sick', 'had', 'a', 'bad', 'day', 'hope', 'thee', 'game', 'us', 'good']","[0, 0, 0, 0, 0, 0, 0, 0, 0, 0, 0]"
756,"['man', 'my', 'twin', 'wanna', 'act', 'fake', 'today', 'but', 'its', 'okay', 'bcuz', 'i', 'still', 'love', 'you']","[0, 0, 0, 0, 0, 0, 0, 0, 0, 0, 0, 0, 0, 0, 0]"
1738,"['Lesson', 'Learned', 'for', 'today', 'Sometimes', 'making', 'changes', 'is', 'unnecessary', 'Some', 'people', 'dont', 'necessarily', 'need', 'to', 'be', 'taken', 'out', 'of', 'their', 'comfort', 'zone']","[0, 0, 0, 0, 0, 0, 0, 0, 0, 0, 0, 0, 0, 0, 0, 0, 0, 0, 0, 0, 0, 0]"
1448,"['Dylan', 'refuses', 'to', 'take', 'a', 'nap', 'and', 'he', 'was', 'up', 'before', '7am', ',', 'now', 'he', 'will', 'crash', 'late', 'and', 'stay', 'up', 'half', 'the', 'night']","[0, 0, 0, 0, 0, 0, 0, 0, 0, 0, 0, 0, 0, 0, 0, 0, 0, 0, 0, 0, 0, 0, 0, 0]"
776,"['Most', 'of', 'time', 'his', 'love', 'to', 'us', 'is', 'one', 'way', 'I', 'always', 'complained', 'that', 'I', 'cant', 'feel', 'where', 'he', 'is', 'But', 'the', 'problem', 'was', 'not', 'him', ',', 'it', 'was', 'me']","[0, 0, 0, 0, 0, 0, 0, 0, 0, 0, 0, 0, 0, 0, 0, 0, 0, 0, 0, 0, 0, 0, 0, 0, 0, 0, 0, 0, 0, 0]"
1800,"['SWEETY', 'IM', 'GONNA', 'GIVe', 'YOu', 'THAT', 'FUCKING', '50000', 'WHEN', 'I', 'GET', 'IT', 'XD']","[0, 0, 0, 0, 0, 0, 0, 0, 0, 0, 0, 0, 0]"
320,"['I', 'feel', 'like', 'there', 'was', 'something', 'i', 'as', 'suppossed', 'to', 'do', 'today']","[0, 0, 0, 0, 0, 0, 0, 0, 0, 0, 0, 0]"
976,"['BBL', 'started', 'tonight', ',', 'EBL', 'tmrw', ',', 'Euroleague', 'qualifiers', 'tues', 'but', 'damn', ',', 'i', 'can', 'haz', 'NBA', 'now', 'League', 'Pass', 'withdrawal', 'symptoms']","[0, 0, 0, 0, 0, 0, 0, 0, 0, 0, 0, 0, 0, 0, 0, 0, 0, 0, 0, 0, 0, 0]"
1056,"['O', 'happy', 'day', 'My', 'local', 'grocery', 'carries', 'Hoegaarden']","[0, 0, 0, 0, 0, 0, 0, 0]"
1168,"['Amber', 'Le', 'Bon', 'is', 'to', 'walk', 'in', 'Giles', 'Deacon', 's', 'Monday', 'LFW', 'show']","[0, 0, 0, 0, 0, 0, 0, 0, 0, 0, 0, 0, 0]"
267,"['That', 's', 'when', 'you', 'start', 'to', 'laugh', 'Saying', 'I', 'just', 'want', 'what', 'I', 'cant', 'have', 'Wont', 'even', 'give', 'me', 'a', 'chance']","[0, 0, 0, 0, 0, 0, 0, 0, 0, 0, 0, 0, 0, 0, 0, 0, 0, 0, 0, 0, 0]"
1941,"['2', 'MORE', 'WEEKS', 'XD']","[0, 0, 0, 0]"
241,"['i', 'just', 'woke', 'up', 'from', 'the', 'worst', 'nap', 'eva', 'arggghhh', 'now', 'its', 'time', 'for', 'work', 'double', 'arggghhh']","[0, 0, 0, 0, 0, 0, 0, 0, 0, 0, 0, 0, 0, 0, 0, 0, 0]"
1609,"['I', 'had', 'a', 'wonderful', 'day', 'today', 'and', 'i', 'hope', 'u', 'all', 'did', ',', 'i', 'wish', 'u', 'all', 'good', 'night', 'and', 'sweet', 'dreams', 'xoxoxo']","[0, 0, 0, 0, 0, 0, 0, 0, 0, 0, 0, 0, 0, 0, 0, 0, 0, 0, 0, 0, 0, 0, 0]"
234,"['Grammar', 'Boot', 'Camp', 'starts', 'on', 'Monday', '7th', 'graders', 'should', 'be', 'ready', 'to', 'GOGOGO', '8th', 'Graders', 'have', 'a', 'big', 'project', 'due', 'next', 'Friday', 'be', 'ready']","[0, 0, 0, 0, 0, 0, 0, 0, 0, 0, 0, 0, 0, 0, 0, 0, 0, 0, 0, 0, 0, 0, 0, 0]"
63,"['well', 'poolnewsfeed', 'when', 'youre', 'good', ',', 'youre', 'good']","[0, 0, 0, 0, 0, 0, 0, 0]"
843,"['All', 'Night', 'Skate', 'Session', 'tomorrow', 'night', 'Hope', 'to', 'see', 'you', 'all', 'there']","[0, 0, 0, 0, 0, 0, 0, 0, 0, 0, 0, 0]"
1651,"['You', 'all', 'need', 'to', 'know', 'justin', 'isnt', 'the', 'innocent', '16', 'year', 'old', 'boy', 'you', 'think', 'he', 'is', 'he', 'has', 'to', 'be', 'like', 'that', 'and', 'love', 'his', 'fans', 'so']","[0, 0, 0, 0, 0, 0, 0, 0, 0, 0, 0, 0, 0, 0, 0, 0, 0, 0, 0, 0, 0, 0, 0, 0, 0, 0, 0, 0]"
1207,"['But', 'in', 'any', 'case', 'I', 'suppose', 'you', 'will', 'not', 'let', 'it', 'away', 'for', 'some', 'days']","[0, 0, 0, 0, 0, 0, 0, 0, 0, 0, 0, 0, 0, 0, 0]"
1891,"['you', 'know', 'its', 'bad', 'when', 'you', 'do', 'that', ',', 'but', 'you', 'dont', 'care']","[0, 0, 0, 0, 0, 0, 0, 0, 0, 0, 0, 0, 0]"
372,"['the', 'current', 'library', 'plan', 'is', 'to', 'go', 'Monday', 'morning', 'first', 'books', 'on', 'shelves', ',', 'then', 'holds', ',', 'then', 'check', 'bookstore', 'on', 'way', 'home', 'for', 'The', 'Replacement']","[0, 0, 0, 0, 0, 0, 0, 0, 0, 0, 0, 0, 0, 0, 0, 0, 0, 0, 0, 0, 0, 0, 0, 0, 0, 0]"
1926,"['Omfg', 'Im', 'bailing', 'out', 'of', 'the', 'car', 'right', 'now', 'my', 'mom', 'slapped', 'me', 'when', 'I', 'changed', 'the', 'radio', 'off', 'this', 'Justin', 'Bieber', 'you', 'smile', 'I', 'smile', 'fucking', 'song']","[0, 0, 0, 0, 0, 0, 0, 0, 0, 0, 0, 0, 0, 0, 0, 0, 0, 0, 0, 0, 0, 0, 0, 0, 0, 0, 0, 0]"
506,"['Sleeping', 'time', 'Morgenochtend', 'maar', 'even', 'de', 'Koperdoos', 'een', 'schoonmaakbeurtje', 'geven']","[0, 0, 0, 0, 0, 0, 0, 0, 0, 0]"
1484,"['There', 'was', 'just', 'a', 'fire', 'at', 'work', 'Today', 'is', 'looking', 'up']","[0, 0, 0, 0, 0, 0, 0, 0, 0, 0, 0]"
1571,"['Mike', 'vick', 'back', 'in', 'dat', 'line', 'up', 'its', 'bout', 'time']","[0, 0, 0, 0, 0, 0, 0, 0, 0, 0]"
132,"['we', 'need', 'some', 'time', 'alone', 'we', 'need', 'to', 'let', 'it', 'BREATH']","[0, 0, 0, 0, 0, 0, 0, 0, 0, 0, 0]"
1,"['Made', 'it', 'back', 'home', 'to', 'GA', 'It', 'sucks', 'not', 'to', 'be', 'at', 'Disney', 'world', ',', 'but', 'its', 'good', 'to', 'be', 'home', 'Time', 'to', 'start', 'planning', 'the', 'next', 'Disney', 'World', 'trip']","[0, 0, 0, 0, 0, 0, 0, 0, 0, 0, 0, 0, 0, 0, 0, 0, 0, 0, 0, 0, 0, 0, 0, 0, 0, 0, 0, 0, 0, 0]"
2342,"['What', 'fuckin', 'luck', 'walk', 'in', 'to', 'popeyes', 'the', 'the', 'fuckin', 'line', 'is', 'full', 'of', 'I', 'dont', 'know', 'what', 'fuc', 'I', 'want', 'people', 'By', 'the', 'time', 'Im', 'up', 'I', 'have', 'to', 'wait', '1']","[0, 0, 0, 0, 0, 0, 0, 0, 0, 0, 0, 0, 0, 0, 0, 0, 0, 0, 0, 0, 0, 0, 0, 0, 0, 0, 0, 0, 0, 0, 0, 0]"
1556,"['its', 'a', 'good', 'day', 'today']","[0, 0, 0, 0, 0]"
1366,"['tea', 'time']","[0, 0]"
891,"['Not', 'much', 'Twitter', 'action', 'here', 'tonight', 'or', 'morning', 'from', 'you', 'southern', 'lot']","[0, 0, 0, 0, 0, 0, 0, 0, 0, 0, 0, 0]"
1474,"['I', 'hate', 'it', 'when', 'Im', 'tired', 'at', 'about', '8', 'but', 'by', '11', 'I', 'seem', 'to', 'be', 'awake']","[0, 0, 0, 0, 0, 0, 0, 0, 0, 0, 0, 0, 0, 0, 0, 0, 0]"
82,"['For', 'code', 'Ive', 'written', 'since', 'Sept', '09', ',', 'the', 'delay', 'between', 'commit', 'to', 'SCM', 'and', 'running', 'on', 'customer', 'hardware', 'has', 'been', 'about', '10', 'days']","[0, 0, 0, 0, 0, 0, 0, 0, 0, 0, 0, 0, 0, 0, 0, 0, 0, 0, 0, 0, 0, 0, 0, 0]"
1682,"['So', 'tired', 'Goodnight', 'twitter', 'tty', 'tomorrow']","[0, 0, 0, 0, 0, 0]"
1079,"['i', 'dunno', 'why', 'people', 'still', 'type', 'sad', 'facesmiley', 'faceraised', 'eyebrowwhen', 'its', 'alot', 'more', 'easier', 'to', 'make', 'it']","[0, 0, 0, 0, 0, 0, 0, 0, 0, 0, 0, 0, 0, 0, 0, 0, 0]"
378,"['Driving', ',', 'driving', ',', 'driving', 'away', 'to', 'Phil', 'Tasty', 'dinner', 'tonight', 'with', 'the', 'Society', 'of', 'Mining', 'and', 'Metallurgy', 'Engineers']","[0, 0, 0, 0, 0, 0, 0, 0, 0, 0, 0, 0, 0, 0, 0, 0, 0, 0, 0]"
763,"['Who', 'loves', 'Friday', 'At', 'the', 'gym', 'now', 'Excited', 'for', 'weekend', 'plans']","[0, 0, 0, 0, 0, 0, 0, 0, 0, 0, 0]"
817,"['It', 's', 'time', 'to', 'CELEBRATE', 'YESSSSS', 'We', 'going', 'in', 'tonight']","[0, 0, 0, 0, 0, 0, 0, 0, 0, 0]"
77,"['ugh', 'so', 'this', 'chick', 'onFB', 'jus', 'wrote', 'this', 'long', 'status', 'cussin', 'me', 'out', ',', 'but', 'im', 'not', 'even', 'gonna', 'stoop', 'to', 'her', 'leve', 'but', 'i', 'wanna', 'bomb', 'her', 'ass', 'out', 'so', 'bad']","[0, 0, 0, 0, 0, 0, 0, 0, 0, 0, 0, 0, 0, 0, 0, 0, 0, 0, 0, 0, 0, 0, 0, 0, 0, 0, 0, 0, 0, 0, 0, 0]"
775,"['watching', 'the', 'VMA', 'preshow', 'again', 'lol', 'it', 'was', 'nt', 'even', 'a', 'good', 'show', 'the', 'first', 'time', 'so', 'bored']","[0, 0, 0, 0, 0, 0, 0, 0, 0, 0, 0, 0, 0, 0, 0, 0, 0, 0]"
1249,"['overnight', 'tonight', 'gheyyyy']","[0, 0, 0]"
624,"['Sooo', 'plans', 'for', 'tomorrow', 'night', 'I', 'gotta', 'do', 'something', 'I', 'need', 'a', 'night', 'out']","[0, 0, 0, 0, 0, 0, 0, 0, 0, 0, 0, 0, 0, 0]"
1129,"['Maybe', 'if', 'Id', 'told', 'you', 'the', 'right', 'words', 'At', 'the', 'right', 'time', 'Youd', 'be', 'mine']","[0, 0, 0, 0, 0, 0, 0, 0, 0, 0, 0, 0, 0, 0, 0]"
2174,"['First', 'week', 'of', 'school', 'has', 'been', 'crazy', 'Everyone', 'is', 'very', 'moody', 'and', 'tired']","[0, 0, 0, 0, 0, 0, 0, 0, 0, 0, 0, 0, 0]"
2289,"['argh', 'my', 'hands', 'are', 'dying', 'i', 'definitely', 'need', 'to', 'take', 'gloves', 'next', 'time']","[0, 0, 0, 0, 0, 0, 0, 0, 0, 0, 0, 0, 0]"
1619,"['famous', 'people', 'looking', 'at', 'there', 'followers', 'going', 'up', 'in', '100s', 'and', 'thousands', ',', 'me', 'looking', 'at', 'my', 'couple', 'a', 'day']","[0, 0, 0, 0, 0, 0, 0, 0, 0, 0, 0, 0, 0, 0, 0, 0, 0, 0, 0, 0]"
2162,"['If', 'Partner', 'left', 'me', 'and', 'BB', 'I', 'would', 'not', 'hunt', 'him', 'down', 'Id', 'take', 'his', 'calls', 'but', 'it', 'would', 'be', 'his', 'job', 'to', 'make', 'sure', 'he', 'spent', 'time', 'with', 'BB']","[0, 0, 0, 0, 0, 0, 0, 0, 0, 0, 0, 0, 0, 0, 0, 0, 0, 0, 0, 0, 0, 0, 0, 0, 0, 0, 0, 0, 0, 0]"
826,"['Think', 'the', 'article', 'should', 'be', 'ready', 'to', 'resubmit', 'next', 'week', 'Quite', 'excited', ',', 'but', 'also', 'rather', 'scared']","[0, 0, 0, 0, 0, 0, 0, 0, 0, 0, 0, 0, 0, 0, 0, 0, 0]"
2322,"['The', 'forced', 'ads', 'in', 'ngmoco', 'games', 'are', 'outstandingly', 'annoying', 'Looks', 'like', 'it', 's', 'time', 'to', 'delete', 'all', 'their', 'apps', 'from', 'my', 'iOS', 'devices']","[0, 0, 0, 0, 0, 0, 0, 0, 0, 0, 0, 0, 0, 0, 0, 0, 0, 0, 0, 0, 0, 0, 0]"
218,"['made', 'sure', 'im', 'off', 'next', 'friday']","[0, 0, 0, 0, 0, 0]"
2187,"['changed', 'mii', 'twitta', 'name', 'i', 'wass', 'really', 'on', 'mii', 'nerd', 'floww', 'todaii', 'them', 'glasses', 'are', 'the', 'best', 'nerd', 'glasses', 'on', 'deck', 'now', 'time', 'for', 'church']","[0, 0, 0, 0, 0, 0, 0, 0, 0, 0, 0, 0, 0, 0, 0, 0, 0, 0, 0, 0, 0, 0, 0, 0, 0]"
183,"['Fresh', 'out', 'the', 'psych', 'ward', 'today']","[0, 0, 0, 0, 0, 0]"
387,"['Don', 'Mattingly', 'will', 'replace', 'Joe', 'Torre', 'as', 'LA', 'Dodgers', 'manager', 'after', 'this', 'season']","[0, 0, 0, 0, 0, 0, 0, 0, 0, 0, 0, 0, 0]"
1053,"['Ciroc', 'it', 'is', 'dnt', 'have', 'a', 'move', 'tonite', 'but', 'imma', 'make', '1']","[0, 0, 0, 0, 0, 0, 0, 0, 0, 0, 0, 0]"
479,"['Last', 'day']","[0, 0]"
2042,"['Stop', 'by', 'teh', 'NexTech', 'and', 'NexTech', 'Wireless', 'tent', 'at', 'TailGreat', 'tomorrow', 'evening', 'for', 'Free', 'ice', 'cream', ',', 'bottles', 'of', 'water', 'and', 'an', 'FHSU', 'foam', 'finger']","[0, 0, 0, 0, 0, 0, 0, 0, 0, 0, 0, 0, 0, 0, 0, 0, 0, 0, 0, 0, 0, 0, 0, 0, 0]"
2390,"['Man', 'I', 'swear', 'I', 'bought', '2', 'new', 'outfits', 'but', 'it', 's', 'cold', 'them', 'dresses', 'not', 'gettin', 'worn', 'today']","[0, 0, 0, 0, 0, 0, 0, 0, 0, 0, 0, 0, 0, 0, 0, 0, 0, 0]"
1856,"['Oscar', 's', 'new', 'favorite', 'pass', 'time', 'is', 'running', 'as', 'fast', 'as', 'he', 'can', 'from', 'one', 'end', 'of', 'the', 'house', 'to', 'another', 'yelling', 'BuhBYYYYYE']","[0, 0, 0, 0, 0, 0, 0, 0, 0, 0, 0, 0, 0, 0, 0, 0, 0, 0, 0, 0, 0, 0, 0]"
1674,"['If', 'I', 'had', 'known', 'what', 'I', 'know', 'now', 'about', 'truck', 'drivers', ',', 'I', 'dont', 'think', 'I', 'would', 'have', 'asked', 'them', 'to', 'honk', 'as', 'much', 'when', 'I', 'was', 'younger']","[0, 0, 0, 0, 0, 0, 0, 0, 0, 0, 0, 0, 0, 0, 0, 0, 0, 0, 0, 0, 0, 0, 0, 0, 0, 0, 0, 0]"
1418,"['First', ',', 'I', 'had', 'these', 'crazy', 'dreams', 'all', 'last', 'night', 'Then', 'I', 'sleep', 'all', 'day', 'today', 'I', 'hope', 'nobody', 'put', 'some', 'hoodoo', 'on', 'me']","[0, 0, 0, 0, 0, 0, 0, 0, 0, 0, 0, 0, 0, 0, 0, 0, 0, 0, 0, 0, 0, 0, 0, 0]"
1476,"['last', 'day', 'of', 'sorting', 'pope', 'visit', 'to', 'birmingham', 'stuff', 'out', 'hope', 'it', 'goes', 'ok', 'on', 'sunday']","[0, 0, 0, 0, 0, 0, 0, 0, 0, 0, 0, 0, 0, 0, 0, 0]"
923,"['Checking', 'out', 'this', 'weeks', 'tell', 'em', 'Steve', 'Dave', 'Podcast']","[0, 0, 0, 0, 0, 0, 0, 0, 0]"
1527,"['Yo', 'kids', 'Today', 's', 'ACF', 'Friday', 'Large', 'Group', 'is', 'at', 'PITT', 'University', 'It', 's', 'at', 'Cathedral', 'of', 'Learning', 'G24', 'at', '7pm', 'Be', 'sure', 'to', 'check', 'it', 'out']","[0, 0, 0, 0, 0, 0, 0, 0, 0, 0, 0, 0, 0, 0, 0, 0, 0, 0, 0, 0, 0, 0, 0, 0, 0, 0, 0]"
1147,"['Whoo', 'who', 'ready', 'for', 'some', 'Seahawk', 'football', 'Cant', 'wait', 'to', 'watch', 'my', 'dirtbags', 'on', 'sunday']","[0, 0, 0, 0, 0, 0, 0, 0, 0, 0, 0, 0, 0, 0, 0]"
1793,"['Must', 'say', 'iPhone', 'is', 'more', 'accurate', 'Wasnt', 'brought', 'up', 'here', 'though', ',', 'Wrawby', 'is', 'where', 'I', 'spent', '18', 'years', 'of', 'my', 'life']","[0, 0, 0, 0, 0, 0, 0, 0, 0, 0, 0, 0, 0, 0, 0, 0, 0, 0, 0, 0, 0, 0]"
271,"['Done', 'teaching', 'in', 'Viera', 'time', 'for', 'some', 'eats', 'and', 'back', 'to', 'orlando', ',', 'possibly', 'swing', 'dance', 'tonight']","[0, 0, 0, 0, 0, 0, 0, 0, 0, 0, 0, 0, 0, 0, 0, 0, 0]"
1666,"['Had', 'a', 'little', 'bit', 'of', 'a', 'panic', 'attack', 'at', 'the', 'end', 'of', 'my', 'shift', 'today', 'I', 'was', 'cleaning', 'at', 'the', 'bar', 'and', 'then', 'a', 'bigass', 'spider', 'appeared', 'out', 'of', 'nowhere']","[0, 0, 0, 0, 0, 0, 0, 0, 0, 0, 0, 0, 0, 0, 0, 0, 0, 0, 0, 0, 0, 0, 0, 0, 0, 0, 0, 0, 0, 0]"
1104,"['Lindsay', 'Lohan', 'allegedly', 'failed', 'her', 'drug', 'test', 'So', 'not', 'fetch', 'Quick', ',', 'let', 's', 'all', 'put', 'on', 'our', 'shocked', 'faces', 'that', '23', 'days', 'of', 'rehab', 'did', 'nt', 'work']","[0, 0, 0, 0, 0, 0, 0, 0, 0, 0, 0, 0, 0, 0, 0, 0, 0, 0, 0, 0, 0, 0, 0, 0, 0, 0, 0, 0]"
798,"['Action', 'is', 'the', 'foundational', 'key', 'to', 'all', 'success', 'take', 'massive', 'action', 'today', 'my', 'friends', 'and', 'watch', 'synchronicities', 'happen']","[0, 0, 0, 0, 0, 0, 0, 0, 0, 0, 0, 0, 0, 0, 0, 0, 0, 0]"
1782,"['3', 'tour', 'coaches', 'with', 'a', 'police', 'escort', 'in', 'Chapel', 'Hill', 'game', 'tonight']","[0, 0, 0, 0, 0, 0, 0, 0, 0, 0, 0, 0]"
981,"['That', 's', 'college', 'tuition', 'That', 's', 'two', 'average', 'cars', 'That', 's', 'a', 'year', 's', 'worth', 'of', 'someone', 's', 'salary', 'That', 's', 'insaneeee']","[0, 0, 0, 0, 0, 0, 0, 0, 0, 0, 0, 0, 0, 0, 0, 0, 0, 0, 0, 0, 0, 0]"
650,"['FRIDAY', 'yesshh', 'FiNaLlY']","[0, 0, 0]"
543,"['Toy', 'story', '3', 'tonight', 'on', 'the', 'lawn']","[0, 0, 0, 0, 0, 0, 0]"
1781,"['Just', 'as', 'i', 'have', 'pointed', 'out', 'to', 'our', 'readers', 'The', 'Canadian', 'Markets', 'offer', 'so', 'much', 'opportunity', 'Gabriel', 'Resources', 'shares', 'shoot', 'up', 'after', 'Romania', 'mo']","[0, 0, 0, 0, 0, 0, 0, 0, 0, 0, 0, 0, 0, 0, 0, 0, 0, 0, 0, 0, 0, 0, 0, 0]"
860,"['Just', 'got', 'all', 'caught', 'up', 'on', 'my', 'flagged', 'emails', 'from', 'the', 'week', 'Now', 'I', 'feel', 'good', 'about', 'leaving', 'the', 'office', 'for', 'the', 'weekend', 'TGIF']","[0, 0, 0, 0, 0, 0, 0, 0, 0, 0, 0, 0, 0, 0, 0, 0, 0, 0, 0, 0, 0, 0, 0, 0]"
2150,"['I', 'm', 'tired', 'after', 'school', 'today']","[0, 0, 0, 0, 0, 0]"
929,"['i', 'hate', 'when', 'i', 'dont', 'have', 'any', 'change', 'for', 'the', 'customers']","[0, 0, 0, 0, 0, 0, 0, 0, 0, 0, 0]"
1659,"['There', 'was', 'just', 'a', 'fire', 'at', 'work', 'Today', 'is', 'looking', 'up']","[0, 0, 0, 0, 0, 0, 0, 0, 0, 0, 0]"
1696,"['Tomorrows', 'plan', 'is', 'a', 'little', 'skirt', 'along', 'the', 'coast', 'then', 'a', 'stop', 'in', 'Glenveagh', 'national', 'park', ',', 'should', 'be', 'a', 'picturesque', 'day', 'Est', '85', 'mile', 'of', 'riding']","[0, 0, 0, 0, 0, 0, 0, 0, 0, 0, 0, 0, 0, 0, 0, 0, 0, 0, 0, 0, 0, 0, 0, 0, 0, 0, 0]"
1429,"['Lingerie', 'football', 'league', 'come', 'on', 'tonight']","[0, 0, 0, 0, 0, 0]"
2222,"['been', 'listenin', 'to', 'trey', 'alllll', 'week', 'can', 'u', 'luv', 'someone', 'u', 'never', 'met', 'bcuz', 'i', 'think', 'im', 'in', 'luv', 'yeeuuuuppp']","[0, 0, 0, 0, 0, 0, 0, 0, 0, 0, 0, 0, 0, 0, 0, 0, 0, 0, 0, 0]"
1744,"['omg', 'i', 'get', 'paid', 'today', 'yesss']","[0, 0, 0, 0, 0, 0]"
502,"['Thank', 'you', 'for', 'all', 'your', 'support', 'Best', 'wishes', 'from', 'DUKETERSShave', 'a', 'nice', 'day']","[0, 0, 0, 0, 0, 0, 0, 0, 0, 0, 0, 0, 0]"
614,"['Tonight', 'Homemade', 'ice', 'cream', 'flights', 'try', '3', 'of', 'chef', 'Tim', 's', 'boozy', 'ice', 'cream', 'creations']","[0, 0, 0, 0, 0, 0, 0, 0, 0, 0, 0, 0, 0, 0, 0]"
2243,"['Love', 'me', 'when', 'I', 'least', 'deserve', 'it', ',', 'because', 'that', 's', 'when', 'I', 'need', 'it', 'the', 'most']","[0, 0, 0, 0, 0, 0, 0, 0, 0, 0, 0, 0, 0, 0, 0, 0, 0]"
31,"['he', 'likes', 'prince', ',', 'paul', 'simon', ',', 'and', 'odb', 'i', 'may', 'have', 'found', 'my', 'soul', 'mate']","[0, 0, 0, 0, 0, 0, 0, 0, 0, 0, 0, 0, 0, 0, 0, 0]"
2308,"['my', 'past', 'was', 'the', 'reason', 'i', 'tried', 'to', 'kill', 'myself', 'the', 'other', 'day', ',', 'and', 'ill', 'gladly', 'do', 'it', 'again']","[0, 0, 0, 0, 0, 0, 0, 0, 0, 0, 0, 0, 0, 0, 0, 0, 0, 0, 0, 0]"
78,"['today', 'just', 'doesnt', 'feel', 'like', 'a', 'Friday']","[0, 0, 0, 0, 0, 0, 0]"
